{"last_tab":"","logo":{"url":"","id":"","height":"","width":"","thumbnail":""},"logo_retina":{"url":"","id":"","height":"","width":"","thumbnail":""},"logo_mini":{"url":"","id":"","height":"","width":"","thumbnail":""},"logo_mini_retina":{"url":"","id":"","height":"","width":"","thumbnail":""},"logo_custom_url":"","header_layout":"4","header_site_desc":"0","header_actions":{"search-drop":"1","search-form":"0","watch-later":"","listen-later":"","social-menu-drop":"1","social-menu":"0","login-form":""},"header_height":"110","color_header_main_bg":"#ffffff","background_header":{"background-repeat":"","background-size":"","background-attachment":"","background-position":"","background-image":"","media":{"id":"","height":"","width":"","thumbnail":""}},"color_header_main_txt":"#111111","color_header_main_acc":"#1abc9c","color_header_bottom_bg":"#f3f3f3","color_header_bottom_txt":"#111111","color_header_bottom_acc":"#1abc9c","header_shadow":"1","header_top":"0","color_header_top_bg":"#34495e","color_header_top_txt":"#8b97a3","color_header_top_acc":"#ffffff","header_top_l":"date","header_top_c":"0","header_top_r":"social-menu","header_sticky":"1","header_sticky_offset":"600","header_sticky_up":"","header_sticky_logo":"main","header_sticky_colors":"main","color_header_sticky_bg":"#0288d1","color_header_sticky_txt":"#ffffff","color_header_sticky_acc":"#444444","mega_menu":"1","mega_menu_limit":"4","rensponsive_secondary_nav":"","responsive_more_link":"","responsive_social_nav":"","responsive_header_actions":{"search-drop":"1","watch-later":"1","listen-later":"0","login-form":"0"},"content_layout":"wide","body_background":{"background-color":"#eeeeee","background-repeat":"","background-size":"","background-attachment":"","background-position":"","background-image":"","media":{"id":"","height":"","width":"","thumbnail":""}},"color_content_bg":"#ffffff","color_content_title":"#111111","color_content_txt":"#111111","color_content_acc":"#1abc9c","color_content_meta":"#999999","color_highlight_bg":"#34495e","color_highlight_txt":"#ffffff","color_footer_bg":"#16a085","color_footer_txt":"#ffffff","color_footer_acc":"#ffffff","footer_widgets":"0","footer_layout":"3_4","footer_bottom":"1","footer_copyright":"<p style=\"text-align: center;\">Copyright &copy; {current_year}. Created by <a href=\"#\" target=\"_blank\">Meks<\/a>. Powered by <a href=\"https:\/\/www.wordpress.org\" target=\"_blank\">WordPress<\/a>.<\/p>","sidebars":{"1":"Single","2":"Contact","3":"Custom","lastkey":"3"},"cover_h":"500","cover_type":"fixed","cover_w":"1500","cover_autoplay":"","cover_autoplay_time":"5","cover_shadow_enabled":"1","lay_fa1_cat":"1","lay_fa1_serie":"","lay_fa1_meta":{"author":"1","date":"1","comments":"0","views":"0","rtime":"0"},"lay_fa1_actions":{"comments":"1","watch-later":"1","listen-later":"","cinema-mode":"1","subscribe":""},"lay_fa2_cat":"1","lay_fa2_serie":"","lay_fa2_meta":{"date":"1","comments":"0","author":"0","views":"0","rtime":"0"},"lay_fa2_actions":{"comments":"1","watch-later":"1","listen-later":"","cinema-mode":"1","subscribe":""},"lay_fa3_cat":"1","lay_fa3_serie":"","lay_fa3_meta":{"date":"1","comments":"1","author":"0","views":"0","rtime":"0"},"lay_fa3_format_label":"","lay_fa3_special_tag":"","lay_fa4_cat":"1","lay_fa4_serie":"","lay_fa4_meta":{"date":"1","comments":"1","author":"0","views":"0","rtime":"0"},"lay_fa4_format_label":"1","lay_fa4_special_tag":"1","lay_fa5_cat":"","lay_fa5_serie":"","lay_fa5_meta":{"date":"1","comments":"0","author":"0","views":"0","rtime":"0"},"lay_fa5_format_label":"1","lay_fa5_special_tag":"1","lay_a_cat":"1","lay_a_serie":"","lay_a_meta":{"author":"1","date":"1","comments":"1","views":"0","rtime":"0"},"lay_a_content_type":"excerpt","lay_a_excerpt_limit":"290","lay_a_rm":"1","lay_a_format_label":"1","lay_a_quick_view":"","lay_a_special_tag":"1","img_size_lay_a_ratio":"16_9","img_size_lay_a_custom":"","lay_b_cat":"1","lay_b_serie":"","lay_b_meta":{"date":"1","comments":"1","author":"0","views":"0","rtime":"0"},"lay_b_excerpt":"1","lay_b_excerpt_limit":"170","lay_b_rm":"","lay_b_format_label":"1","lay_b_quick_view":"","lay_b_special_tag":"1","img_size_lay_b_ratio":"16_9","img_size_lay_b_custom":"","lay_c_cat":"1","lay_c_serie":"","lay_c_meta":{"author":"1","date":"1","comments":"0","views":"0","rtime":"0"},"lay_c_excerpt":"1","lay_c_excerpt_limit":"150","lay_c_quick_view":"","lay_c_rm":"","lay_c_format_label":"1","lay_c_special_tag":"1","img_size_lay_c_ratio":"16_9","img_size_lay_c_custom":"","lay_d_cat":"1","lay_d_serie":"","lay_d_meta":{"date":"0","comments":"0","author":"0","views":"0","rtime":"0"},"lay_d_excerpt":"","lay_d_excerpt_limit":"100","lay_d_format_label":"1","lay_d_quick_view":"","lay_d_special_tag":"1","img_size_lay_d_ratio":"16_9","img_size_lay_d_custom":"","lay_e_cat":"1","lay_e_serie":"","lay_e_meta":{"date":"0","comments":"0","author":"0","views":"1","rtime":"1"},"lay_e_excerpt":"","lay_e_excerpt_limit":"150","lay_e_format_label":"1","lay_e_quick_view":"","lay_e_special_tag":"1","img_size_lay_e_ratio":"16_9","img_size_lay_e_custom":"","lay_f_cat":"","lay_f_serie":"","lay_f_meta":{"date":"1","comments":"0","author":"0","views":"0","rtime":"0"},"lay_f_quick_view":"","img_size_lay_f_ratio":"3_2","img_size_lay_f_custom":"","lay_g_cat":"1","lay_g_serie":"","lay_g_meta":{"date":"0","comments":"0","author":"0","views":"0","rtime":"0"},"lay_g_format_label":"1","lay_g_quick_view":"","lay_g_special_tag":"1","img_size_lay_g_ratio":"16_9","img_size_lay_g_custom":"","lay_h_cat":"","lay_h_serie":"","lay_h_meta":{"date":"0","comments":"0","author":"0","views":"0","rtime":"0"},"lay_h_quick_view":"","img_size_lay_h_ratio":"3_2","img_size_lay_h_custom":"","single_fa_layout":"none","single_use_sidebar":"right","single_sidebar":"vlog_sidebar_1","single_sticky_sidebar":"vlog_default_sticky_sidebar","single_cat":"1","single_serie":"","lay_single_meta":{"date":"1","comments":"0","author":"0","views":"1","rtime":"1"},"lay_single_actions":{"comments":"1","watch-later":"","listen-later":"","cinema-mode":"1","subscribe":""},"single_share":"above","single_headline":"1","single_tags":"1","single_prev_next":"below","ignore_category_prev_next":"","single_author":"0","single_fimg":"1","single_fimg_cap":"1","single_related":"1","related_layout":"e","related_limit":"3","related_by_series":"1","related_type":"cat","related_video_by_post_format":"","related_order":"date","related_time":"0","single_video_layout_switch":"","single_video_layout":"1","autodetect_video":"0","open_videos_inplay":"0","video_sticky":"","display_playlist_mode":"","related_video_limit":"5","related_video_by_series":"1","related_video_type":"cat","related_video_by_video_format":"","related_video_order":"date","related_video_time":"0","video_disable_related":"","autodetect_audio":"","open_audio_inplay":"","page_use_sidebar":"right","page_sidebar":"vlog_default_sidebar","page_sticky_sidebar":"vlog_default_sticky_sidebar","page_fimg":"1","page_fimg_cap":"","page_comments":"1","category_fa_layout":"3","category_fa_limit":"1","category_fa_order":"date","category_fa_unique":"1","category_subnav":"","category_layout":"b","category_ppp":"custom","category_ppp_num":"5","category_starter_layout":"none","category_starter_limit":"1","category_use_sidebar":"right","category_sidebar":"vlog_default_sidebar","category_sticky_sidebar":"vlog_default_sticky_sidebar","category_pag":"numeric","serie_order_asc":"1","serie_fa_layout":"1","serie_fa_limit":"1","serie_layout":"b","serie_ppp":"inherit","serie_ppp_num":"10","serie_starter_layout":"none","serie_starter_limit":"1","serie_use_sidebar":"right","serie_sidebar":"vlog_default_sidebar","serie_sticky_sidebar":"vlog_default_sticky_sidebar","serie_pag":"numeric","tag_layout":"e","tag_ppp":"custom","tag_ppp_num":"10","tag_starter_layout":"a","tag_starter_limit":"1","tag_use_sidebar":"none","tag_sidebar":"vlog_default_sidebar","tag_sticky_sidebar":"vlog_default_sticky_sidebar","tag_pag":"infinite-scroll","author_desc":"1","author_layout":"b","author_ppp":"inherit","author_ppp_num":"10","author_starter_layout":"none","author_starter_limit":"1","author_use_sidebar":"right","author_sidebar":"vlog_default_sidebar","author_sticky_sidebar":"vlog_default_sticky_sidebar","author_pag":"numeric","search_layout":"b","search_ppp":"inherit","search_ppp_num":"10","search_use_sidebar":"right","search_sidebar":"vlog_default_sidebar","search_sticky_sidebar":"vlog_default_sticky_sidebar","search_pag":"numeric","archive_layout":"b","archive_ppp":"inherit","archive_ppp_num":"10","archive_starter_layout":"none","archive_starter_limit":"2","archive_use_sidebar":"right","archive_sidebar":"vlog_default_sidebar","archive_sticky_sidebar":"vlog_default_sticky_sidebar","archive_pag":"numeric","main_font":{"font-family":"Merriweather Sans","font-options":"","google":"1","font-weight":"300","font-style":"","subsets":"latin-ext"},"h_font":{"font-family":"Merriweather","font-options":"","google":"1","font-weight":"400","font-style":"","subsets":"latin-ext"},"nav_font":{"font-family":"Open Sans","font-options":"","google":"1","font-weight":"400","font-style":"","subsets":"latin-ext"},"font_size_p":"16","font_size_nav":"13","font_size_mfs":"14","font_size_widget_title":"16","font_size_module_title":"18","font_size_h1":"28","font_size_h2":"24","font_size_h3":"20","font_size_h4":"18","font_size_h5":"16","font_size_h6":"14","font_size_h7":"13","font_size_excerpt_text":"18","font_size_meta_data":"12","uppercase":{"site-title":"1","site-description":"1","vlog-site-header":"","vlog-top-bar":"1","entry-title":"","entry-category a":"","vlog-mod-title, comment-author .fn":"","widget-title":""},"ad_header":"","ad_below_header":"","ad_above_footer":"","ad_above_single":"","ad_below_single":"","ad_between_posts":"","ad_between_posts_position":"4","ad_exclude_404":"","rtl_mode":"","rtl_lang_skip":"","social_share":{"facebook":"1","twitter":"1","reddit":"1","pinterest":"1","email":"1","gplus":"0","linkedin":"0","stumbleupon":"0","whatsapp":"","vk":""},"watch_later_ajax":"","listen_later_ajax":"","more_string":"...","auto_gallery_img_sizes":"1","views_forgery":"","on_single_img_popup":"","special_tag":"","breadcrumbs":"none","words_read_per_minute":"200","subscribe_video_url":"","primary_category":"","enable_translate":"1","tr_no_videos_message":"","tr_watch_later_message":"","tr_no_audios_message":"","tr_listen_later_message":"","tr_no_comments":"","tr_one_comment":"","tr_multiple_comments":"","tr_views":"","tr_min_read":"","tr_watch_later":"","tr_watch_later_remove":"","tr_listen_later":"","tr_listen_later_remove":"","tr_cinema_mode":"","tr_subscribe":"","tr_label_video":"","tr_label_audio":"","tr_label_gallery":"","tr_label_image":"","tr_read_more":"Continue reading","tr_category":"","tr_serie":"","tr_tag":"","tr_author":"","tr_archive":"","tr_search_placeholder":"","tr_search_results_for":"","tr_newer_entries":"","tr_older_entries":"","tr_previous_posts":"","tr_next_posts":"","tr_load_more":"","tr_related":"","tr_related_cover_title":"","tr_video_sticky_title":"","tr_view_all":"","tr_share_facebook":"","tr_share_twitter":"","tr_share_reddit":"","tr_share_gplus":"","tr_share_pinterest":"","tr_share_email":"","tr_share_stumbleupon":"","tr_share_linkedin":"","tr_share_whatsapp":"","tr_share_vKontakte":"","tr_prev_post":"","tr_next_post":"","tr_page_of":"","tr_comment_submit":"","tr_comment_reply":"","tr_404_title":"","tr_404_text":"","tr_content_none":"","tr_content_none_search":"","tr_responsive_more":"","tr_username_email_label":"","tr_password_label":"","tr_remember_me":"","tr_log_in":"","tr_log_out":"","tr_registration_link":"","tr_lost_password":"","minify_css":"1","minify_js":"1","disable_img_sizes":{"a":"","b":"","c":"","d":"","e":"","f":"","g":"","h":"","cover-123":"","cover-4":"","cover-5":""},"additional_css":"","additional_js":"","ad_exclude_from_pages":[],"redux-backup":"1"}