{"vlog_default_sticky_sidebar":{"vlog_posts_widget-11":{"title":"Most discussed","orderby":"comment_count","category":null,"numposts":3,"time":"0","layout":"g","slider":0,"per_slide":3,"cat_link":0,"auto_detect":0,"meta":["comments"],"manual":[],"format":"0","tag":"","vlog-highlight":1,"serie":null,"auto_detect_serie":0,"vlog-full-width":0}},"vlog_sidebar_1":{"mks_author_widget-5":{"title":"","author":1,"auto_detect":1,"display_name":1,"display_avatar":1,"display_desc":1,"display_all_posts":1,"name_to_title":0,"link_to_name":0,"link_to_avatar":0,"link_text":"View all podcasts","link_url":"","avatar_size":80,"vlog-highlight":0,"limit_chars":0,"vlog-full-width":0}}}